{
  "n_queries": 174,
  "misses": 164,
  "scores": {
    "precision_at_k": {
      "1": 0.011494252873563218,
      "3": 0.005747126436781609,
      "5": 0.005747126436781609,
      "10": 0.005747126436781608
    },
    "recall_at_k": {
      "1": 0.011494252873563218,
      "3": 0.017241379310344827,
      "5": 0.028735632183908046,
      "10": 0.05747126436781609
    },
    "mrr": 0.019706714103265827,
    "ndcg_at_k": {
      "1": 0.011494252873563218,
      "3": 0.014367816091954023,
      "5": 0.019066260720160544,
      "10": 0.02823350335929246
    }
  }
}
